{
  "gowalla": {
    "num_runs": 5,
    "dataset_stats": {
      "n_users": 29858,
      "n_items": 40981,
      "train_interactions": 810128
    },
    "system_info": {
      "device": "cuda",
      "gpu_name": "NVIDIA RTX A3000 Laptop GPU",
      "gpu_memory_total_MB": 6143.5
    },
    "config": {
      "bpr_batch_size": 2048,
      "latent_dim_rec": 64,
      "lightGCN_n_layers": 3,
      "dropout": 0,
      "keep_prob": 0.6,
      "A_n_fold": 100,
      "test_u_batch_size": 100,
      "multicore": 0,
      "lr": 0.001,
      "decay": 0.0001,
      "pretrain": 0,
      "A_split": false,
      "bigdata": false
    },
    "training_time_mean_seconds": 9036.73,
    "training_time_std_seconds": 5732.5,
    "best_epoch_mean": 382,
    "metrics": {
      "precision": {
        "5": {
          "mean": 0.101628,
          "std": 0.006792,
          "values": [
            0.105674,
            0.104354,
            0.105419,
            0.103075,
            0.089618
          ]
        },
        "10": {
          "mean": 0.074058,
          "std": 0.004742,
          "values": [
            0.076901,
            0.07606,
            0.076572,
            0.075095,
            0.065664
          ]
        },
        "20": {
          "mean": 0.053164,
          "std": 0.003267,
          "values": [
            0.055406,
            0.054557,
            0.054672,
            0.05377,
            0.047413
          ]
        }
      },
      "recall": {
        "5": {
          "mean": 0.086423,
          "std": 0.004669,
          "values": [
            0.089019,
            0.088176,
            0.089113,
            0.087666,
            0.07814
          ]
        },
        "10": {
          "mean": 0.123767,
          "std": 0.00682,
          "values": [
            0.127545,
            0.126606,
            0.127623,
            0.125385,
            0.111675
          ]
        },
        "20": {
          "mean": 0.175318,
          "std": 0.009461,
          "values": [
            0.180991,
            0.179347,
            0.180323,
            0.177359,
            0.158572
          ]
        }
      },
      "ndcg": {
        "5": {
          "mean": 0.13079,
          "std": 0.008782,
          "values": [
            0.135531,
            0.134529,
            0.135854,
            0.132812,
            0.115224
          ]
        },
        "10": {
          "mean": 0.133162,
          "std": 0.008312,
          "values": [
            0.137559,
            0.136777,
            0.137933,
            0.135121,
            0.11842
          ]
        },
        "20": {
          "mean": 0.148149,
          "std": 0.008702,
          "values": [
            0.152986,
            0.15195,
            0.152967,
            0.150119,
            0.132723
          ]
        }
      },
      "mrr": {
        "5": {
          "mean": 0.253727,
          "std": 0.01491,
          "values": [
            0.261062,
            0.260382,
            0.262721,
            0.257171,
            0.227301
          ]
        },
        "10": {
          "mean": 0.266807,
          "std": 0.015005,
          "values": [
            0.274248,
            0.273575,
            0.275863,
            0.27012,
            0.240228
          ]
        },
        "20": {
          "mean": 0.27406,
          "std": 0.01499,
          "values": [
            0.281514,
            0.280928,
            0.282991,
            0.277365,
            0.247501
          ]
        }
      },
      "hit_rate": {
        "5": {
          "mean": 0.376656,
          "std": 0.016873,
          "values": [
            0.385994,
            0.38308,
            0.386697,
            0.380735,
            0.346775
          ]
        },
        "10": {
          "mean": 0.474734,
          "std": 0.017269,
          "values": [
            0.484929,
            0.481981,
            0.484326,
            0.47823,
            0.444203
          ]
        },
        "20": {
          "mean": 0.579523,
          "std": 0.017196,
          "values": [
            0.590026,
            0.587983,
            0.587447,
            0.58306,
            0.549099
          ]
        }
      },
      "map": {
        "5": {
          "mean": 0.081533,
          "std": 0.00642,
          "values": [
            0.085013,
            0.084322,
            0.085132,
            0.083053,
            0.070144
          ]
        },
        "10": {
          "mean": 0.072673,
          "std": 0.005313,
          "values": [
            0.075362,
            0.075015,
            0.075725,
            0.074027,
            0.063237
          ]
        },
        "20": {
          "mean": 0.073783,
          "std": 0.005082,
          "values": [
            0.076377,
            0.076011,
            0.076708,
            0.07506,
            0.06476
          ]
        }
      }
    }
  }
}